Appointment_Month,No_Show_Rate,Total_Appointments
2022-01,0.5015972222222222,43200
2022-02,0.4995287698412698,40320
2022-03,0.49478851963746223,26480
